Model,RMSE,MAPE
Linear Regression,78.76353267157185,7370536878374.307
Decision Tree,51.527898090347094,1078448186631.3496
Random Forest,36.02393992795112,1499042979417.3577
